filename,sentence,age range,gender,
001.mp3,Ennaku zino mpulira njagala nnyo okulya ebinyeebwa ebisiike.,40-35,f,
002.mp3,Tugende e Makindye tulabe abayimbi n'abazannyi ba katemba abalungi.,40-35,f,
003.mp3,Emmere etali nsiike ebeera nnungi eri emibiri gyaffe kuba tebaamu butwa.,40-35,f,
004.mp3,Abawala abalungi baagalwa buli muntu naye abasinga tebabeera na mpisa.,40-35,f,
005.mp3,Wali obaddeko awo n'owulira ng'omutwe guli nga ogukwetooloora?,40-35,f,
006.mp3,Abayizi abatuula mu maaso batera okuba nga bategeera mangu ebibeera bisomesabwa.,40-35,f,
007.mp3,Abagenda okuvuganya mu kalulu balina okweyisa obulungi basobole okufuna obululu.,40-35,f,
008.mp3,Obadde okimanyi nti emmotoka ensangi zino si za buseere nga edda?,40-35,f,
009.mp3,Leero nze agenda okkugulira ekyemisana n'ekyeggulo.,40-35,f,
010.mp3,Omubaka w'ekitundu kino afuddeyo okulaba nga abaana basoma basobole okufuna emirimu.,40-35,f,
011.mp3,Olunaku lwe twasanga omusezi nga tuva mu ndongo sirirwerabira obulamu bwange bwonna.,40-35,f,
012.mp3,Taata w'abaana bange ennaku zino adda kiro ate agenda tebunnakya.,40-35,f,
013.mp3,Omusumba yabadde tannalinnya ku kituuku enkuba n'etandika okutonnya.,40-35,f,
014.mp3,Embaata kinyonyi kirungi naye tekirundika mu kifo kifunda nga wano.,40-35,f,
015.mp3,Omuwala agenda okufumbirwa oteekwa okutuukiriza emikolo gino nga obuwangwa bwe buganda.,40-35,f,
016.mp3,Oteekwa okufaayo ennyo ku lulimi lw'okozesa mu banno naddala nga oli mu baana abato.,40-35,f,
017.mp3,Okulima ensangi zino tekukyalimu nnyo ssete nga bwe kyali edda mu mirembe egyasooka.,40-35,f,
018.mp3,Obadde okimanyi nti ebitone okugeza okuzannya akapiira birimu nnyo ssente?,40-35,f,
019.mp3,Gendako e Kampala olabe abantu bwe batuuyana okufuna ssente ekiro n'emisana.,40-35,f,
020.mp3,Okusooka buli muntu yali amanyi nti omusajja oyo tazaala naye kati alina abaana basatu.,40-35,f,
021.mp3,Nze omuntu ayogera nga nsomesa mpulira nga njagala kumukuba.,40-35,f,
022.mp3,Abaana abasinga bazannyisa okusoma kuba tebamanyi birungi bikulimu.,40-35,f,
023.mp3,Omanyi bwe balima obutiko nga teweeyambisa bigimusa?,40-35,f,
024.mp3,Omukazi asaanye ayagalwe nnyo kuba abonaabona nnyo nga ali lubuto.,40-35,f,
025.mp3,Obulogo kikolwa kibi nnyo era eddiini ekivumirira kuba si kya bwakatonda.,40-35,f,
026.mp3,Lwaki teweenenya n'osenza omulokozi mu bulamu bwo?,40-35,f,
027.mp3,Muganda wange ono azannya mizannyo ate nze ndi musomesa.,40-35,f,
028.mp3,Omukyala oli agambye ogende mwogeremu alekere awo okutubuuza ebibuuzo ebingi.,40-35,f,
029.mp3,Lwaki wano tetulinaawo kitabo ky'abagenyi mwe tulina okuwandiika nga tutuuse?,40-35,f,
030.mp3,Okusooka kwa byonna nnawulidde nga nfa ensonyi bwe nnalabye maama.,40-35,f,
031.mp3,Sisobola kwagala mukazi yenna atali wa nzikiriza yange kuba maama takyagala.,40-35,f,
032.mp3,Ku lunaku lw'embaga abantu baali bangi nnyo nga tolina w'oyisa kigere.,40-35,f,
033.mp3,Fumba ebikoola by'entula oluvannyuma ogattemu amazzi obinywe.,40-35,f,
034.mp3,Ssenga waffe mukazi mukambwe naye ate asonyiwa mangu nnyo.,40-35,f,
035.mp3,Essimu z'ekiro ziviiriddeko obufumbo bungi nnyo okusasika ensangi zino mu bavubuka.,40-35,f,
036.mp3,Okuwasa amangu kirungi nnyo wabula kikutwalira ebbanga okwezimba.,40-35,f,
037.mp3,Omuntu omukulu nga akola eby'ekito owulira nga akutabula n'oyagala okumukuba.,40-35,f,
038.mp3,Nze sirina ssente naye ate siyinza kukemebwa kubba oba okumenya amateeka.,40-35,f,
039.mp3,Ebiseera mwe nnatandikala okusoma ewaka twalina ssente ntono nnyo.,40-35,f,
040.mp3,Mwenna musooke mufulume ono amalirize okwera ekibiina kino nga bwe nnamugambye.,40-35,f,
041.mp3,Fuba nnyo okulaba nga okuza abaana bo nga balina empisa kuba kibayamba.,40-35,f,
042.mp3,Olina okuba nga wasomye nnyo okusobola okuyita ekibuuzo kino.,40-35,f,
043.mp3,Tugende e Ntwetwe tulabe ku basezi abatambula emisana.,40-35,f,
044.mp3,Genda mu nnyumba olabe oba abaana bakyatunula.,40-35,f,
045.mp3,Yalafuubana nnyo okulaba nga abaana be basoma wadde omu yagaana.,40-35,f,
046.mp3,Omugagga yatuuka okugula ettaka nga omukyala gwe yalese mu mmotoka amulengera.,40-35,f,
047.mp3,Omukadde oyo muyonjo nnyo n'okusinga abavubuka abato. ,40-35,f,
048.mp3,Gwe tunuulira ennyumba ye bw'efaanana.,40-35,f,
049.mp3,Ekintu ekisinga okunnuma kwe kulaba nga omuntu tasiima kintu kimukoleddwa.,40-35,f,
050.mp3,Nfuniraayo emitwalo ataano naye amabanja gagenda kunsibya.,40-35,f,
051.mp3,Omukulu ono yatugamba okufukiriza obucupa ebimera naye kimenya nnyo.,40-35,f,
052.mp3,Essaawa zino buli muntu mmusuubira okuba nga yamalirizza okwewandiisa.,40-35,f,
053.mp3,Okubumba nagwo kati mulimu mulungi nnyo.,40-35,f,
054.mp3,Buli muganda tumusuubira okubeera nga alina ekika.,40-35,f,
055.mp3,Ekintu ekisinga obukulu kwe kuba nga obadde olina ekintu ky'okolako.,40-35,f,
056.mp3,Omulimu guno mukulu nnyo eri buli muntu ali wano.,40-35,f,
057.mp3,Enfunda eziwera omusajja oyo twesanze nga tumuzuulamu obuvuyo.,40-35,f,
058.mp3,Omuyaga gw'ebyobufuzi oguliwo gugenda kuzingamya okuyimba.,40-35,f,
059.mp3,Abayimbi okusooka baali tebaatwalibwa nga bantu baamugaso naye kati kyakyuka.,40-35,f,
060.mp3,Endowooza eyo yali nkyamu kuba omwana oli teyalina buzibu.,40-35,f,
061.mp3,Mu kulaba okwange nze nnali nteekeddwa okukwetondera.,40-35,f,
062.mp3,Wabula nnina ekintu kye neetaaga mu bulamu bwange.,40-35,f,
063.mp3,Obadde olowooza nti bagenda kkuleetera ssente mmeka?,40-35,f,
064.mp3,Endagiriro gye wawadde omwana oli yabadde nkyamu nnyo.,40-35,f,
065.mp3,Ekizimbe kiri kinene naye abaakizimba baakiwa omulyango mutono.,40-35,f,
066.mp3,Ne bwe nsirika era ontandika nga ononyaako olutalo.,40-35,f,
067.mp3,Omukyala oyo amaze ebbanga eriwera nga anjogerera amafuukuule.,40-35,f,
068.mp3,Ebisinga mbitegedde naye olulimi olw'okukozesa lwe lunsumbuwa.,40-35,f,
069.mp3,Abasinga balowooza nti omuntu asoma Oluganda aba tamanyi lungereza.,40-35,f,
070.mp3,Emirundi giweze nga omukulu oyo takkiriza banne kweyagalira mu ggwanga.,40-35,f,
071.mp3,Ebivvulu bye ebisukka mu bikumi ebitaano byonna biwereddwa.,40-35,f,
072.mp3,Nteraako emmere ntono nnyo kuba gye tuva tusoose kulya.,35-30,m,
073.mp3,Omusirikale omulungi ateekwa okuba nga alina obusobozi okunoonyereza.,35-30,m,
074.mp3,Naye lwaki abasomesa basasulwa omusaala mutono ate ne gulwayo?,35-30,m,
075.mp3,Ekiviiriddeko obubenje ensangi zino tekimanyiddwa naye bakugu bakyanoonyereza.,35-30,m,
076.mp3,Tewali musajja atayagala kukuba ku mbaga kuba kiweesa nnyo ekitiibwa.,35-30,m,
077.mp3,Ku lwokutaano nkeera nnyo kubanga nkolera wala ate banneetaaga mu bwangu.,35-30,m,
078.mp3,Omuzimu gwakata muwalawe omuto ne gw'ogera gye yali yatereka ssente.,35-30,m,
079.mp3,Kirungi nnyo okulima ebikajjo mu lutobazi kubanga bibeera bigonda bulungi.,35-30,m,
080.mp3,Omutwe gw'ekiwalaata gusaana okuteekebwako enkoofiira buli lunaku.,35-30,m,
081.mp3,Nze lwe nnakomawo okuva e bulaaya nnawulira nga nninga azuukidde mu bafu.,35-30,m,
082.mp3,Afubye okutuyigiriza engeri y'okukwatamu amaka wadde nga nze sinnawasa.,35-30,m,
083.mp3,Omukyala yenna azadde abalongo tasaana kukyayibwa kuba kimuluma nnyo.,35-30,m,
084.mp3,Ddayo ewammwe nze sisobola mukyala atamanyi wadde okwoza akatambaala.,35-30,m,
085.mp3,Teekawo emikono ebiri osobole okulembeka ebinyebwa ebiwera.,35-30,m,
086.mp3,Omulamuzi yabadde mutuufu nnyo okumukaliga emyaka asatu nga ali mu kkomera.,35-30,m,
087.mp3,Mpeereza ku kitabo kyange waliwo bye njagala okuwandiika nga sinnaba kwerabira.,35-30,m,
088.mp3,Enjovu kisolo kinene nnyo lwakuba ate kirina akakira akatono.,35-30,m,
089.mp3,Obufuzi obuzze bubaawo bubadde tebusikiriza bavubuka kwenyigira mu bya kulonda.,35-30,m,
090.mp3,Omulambo gw'omuwala gwasangiddwa mu kiyumba ekikadde nga guliko enkwagulo mu bulago.,35-30,m,
091.mp3,Njagala nnyo omuntu azza omusango ne yeetonda ate n'awa obweyamo obutakiddamu.,35-30,m,
092.mp3,Olowooza lwaki abaana abato tebaagala kugenda ku masinzizo?,35-30,m,
093.mp3,Nja kuba musanyufu singa maama anandeetera ebintu bye nnamutumye.,35-30,m,
094.mp3,Mukazi wange yagaana okuddamu okulya mukene n'ebinyeebwa.,35-30,m,
095.mp3,Tuula wansi nkubuulire ensonga lwaki nnakugobye ku mulimu.,35-30,m,
096.mp3,Abakazi abasalawo okugezza amabeere kibeera kibi nnyo.,35-30,m,
097.mp3,Buli muntu mu Buganda ateekwa okuwa kabaka ekitiibwa ekisaanidde.,35-30,m,
098.mp3,Ababba ettaka ku bakadde abateesobola basaana kuvunaanibwa era bakangavvulwe.,35-30,m,
099.mp3,Taata bwe nnasomanga obulungi yangulira nga empale,35-30,m,
0100.mp3,Kati okwambala olugoye olumyufu e Kampala kintu kya bbeeyi.,35-30,m,
0101.mp3,Saagala nnyo kulya butula buno obwa katunkuma.,35-30,m,
0102.mp3,Osobola okutambula okuva wano okutuuka e Masaka?,35-30,m,
0103.mp3,Olubuto olutali lwetegekere luzza nnyo abafumbo emabega.,35-30,m,
0104.mp3,Ettaka lino liriko enkaayana era ensonga zikyali mu Kkooti okutuusa kati.,35-30,m,
0105.mp3,Omuwala oyo ayambala bulungi naye alemeddwa okufumbirwa.,35-30,m,
0106.mp3,Mpulira nkooye nnyo ate n'omusujja gunnuma okukamala.,35-30,m,
0107.mp3,Nnamusanze alina abasajja basatu b'ayimiridde nabo.,35-30,m,
0108.mp3,Abantu abamu balina ebyafaayo ebikaabya amaziga.,35-30,m,
0109.mp3,Abayizi batera nnyo okukaaba nga banyumya olugendo lw'okusoma kwabwe.,35-30,m,
0110.mp3,Abaganda abatuufu beebo abamanyi empagi enkulu okuzimbiddwa Obuganda.,35-30,m,
0111.mp3,Omuluka guno gulimu amaka agasoba mu bikumi ebitaano.,35-30,m,
0112.mp3,Sisobola kukkiriza mwana wange kusoma busomesa wadde nze bwe nnasoma.,35-30,m,
0113.mp3,Omutwe guluma nnyo okusinga olubuto,35-30,m,
0114.mp3,Nze ndowooza nti oguleyo ennyumba endala eno ogirekere abaana kuba nabo bakuze.,35-30,m,
0115.mp3,Omuntu atakwata budde annyiiza nnyo okusinga omuntu omulala yenna.,35-30,m,
0116.mp3,Olugendo lwe tutambudde okutuuka wano lubadde luwanvu nnyo.,35-30,m,
0117.mp3,Okusoma ate n'otafuna mulimu kibeera kisiraani.,35-30,m,
0118.mp3,Mmange omuto ayagala nnyo okwelaguza era y'ensonga lwaki mwavu nnyo.,35-30,m,
0119.mp3,Abato musaanye mu bawe eddembe lyabwe kubanga libaweebwa ssemateeka.,35-30,m,
0120.mp3,Njagala okugulayo ekibanja nsimbeko omusiri gwa ppamba.,35-30,m,
0121.mp3,Omwana ono y'ayasizza ensuwa yaffe.,35-30,m,
0122.mp3,Nga tonnaba kusalawo sooka olowooze ku kintu ekiddako.,25-20,m,
0123.mp3,Wankubidde essimu naye ssaakuwulidde kuba enkuba yabadde etonnya.,25-20,m,
0124.mp3,Tugenze mu kkanisa naye omubuulizi atulangidde okusaba ku nnaku enkulu zokka.,25-20,m,
0125.mp3,Ekifo kiri mwe twasembereza abagole kyali kirungi era njagala tuddeyo.,25-20,m,
0126.mp3,Omulala naye ayingire mbakoleko lumu kuba njagala kugenda.,25-20,m,
0127.mp3,Eggaali eno yeetaaga kuddaabiriza kuba ekaddiye nnyo.,25-20,m,
0128.mp3,Nnina okuzaalayo omwana omwaka guno.,25-20,m,
0129.mp3,Ebibinja mwe basengekera ttiimu ziri byali bitono nnyo era y'ensonga lwaki ezimu zaafikka.,25-20,m,
0130.mp3,Mu bibuuzo bino kolamu ennamba ttaano zokka.,25-20,m,
0131.mp3,Bw'osukka wano omanya nti sigenda kukusasula ssente zo.,25-20,m,
0132.mp3,Mulekere awo okuwoggana kubanga muli bantu bakulu ekimala.,25-20,m,
0133.mp3,Lwaki omwana oyo akaaba nnyo ekiro ate nga maama we w'ali?,25-20,m,
0134.mp3,Omuyaayu gwalumye omwana ne bamutwala ku kitanda.,25-20,m,
0135.mp3,Omukadde akaaba omugongo buli kaseera oba gwaba ki?,25-20,m,
0136.mp3,Okutegeeragana kwe twatuukako tewakutambuliddeko.,25-20,m,
0137.mp3,Ekifuba ne ssenyiga bisumbuwa nnyo mukazi wange.,25-20,m,
0138.mp3,Onzuukusaako ekiro kuba nnina okukeera ennyo nsobole obutatuuka kikeerezi.,25-20,m,
0139.mp3,Nnakuloose ekiro nga tutudde wali wansi w'omuti gw'omuyembe.,25-20,m,
0140.mp3,Ompaayiriza nnyo ennaku zino ate nga tosoose kunoonyereza kuzuula kituufu.,25-20,m,
0141.mp3,Ababadde bagenda okugattibwa omu agudde eddalu era embaga esasise.,25-20,m,
0142.mp3,Ekikere nakyo kirina obusagwa era omuntu asaanye okukyewala.,25-20,m,
0143.mp3,Akati kano kakalu naye tosobola kukamenya wadde okukaweta.,25-20,m,
0144.mp3,Ekibadde wano kibadde kizibu kya kutegeera kuba omukazi ayombye nnyo.,25-20,m,
0145.mp3,Nze ntya okuswala era kye nva mbeera ewaka nga neesirikidde.,25-20,m,
0146.mp3,Okudduka n'okuwuga mizannyo mirungi naye nze gyannema.,25-20,m,
0147.mp3,Okulemererwa okugenda e Bulaaya kyannuma nnyo kuba nnali neesunze ennyonyi.,25-20,m,
0148.mp3,Olukalala lw'ebigambo luno luzibu nnyo era simanyi oba onaabisoma.,25-20,m,
0149.mp3,Obulamu bw'ekyalo bunyuma nnyo kuba buli kimu kya bwereere.,25-20,m,
0150.mp3,Oli wa mukisa okuzaala abalongo ate nga bonna bawala.,25-20,m,
0151.mp3,Mpulira nga nandisabye mukama nsookere ku mwana muwala.,25-20,m,
0152.mp3,Bwe ndifuna omukisa okulaba bazadde bo nja kubeebaza kuba baakukuza bulungi.,25-20,m,
0153.mp3,Omanyi nze saagala kunnimba kuba obeera tombazeemu magezi.,25-20,m,
0154.mp3,Omufu bamukaayanidde nga buli luuyi lwe lwagala okumutwala.,25-20,m,
0155.mp3,Olukolodde bonna abaana ne baseka.,25-20,m,
0156.mp3,Baakola bulungi okugemesa abaana baabwe nga bakyali bato.,25-20,m,
0157.mp3,Gwe olowooza nze nnabadde ssaagala kuwasa mukazi oyo?,25-20,m,
0158.mp3,Omululu kintu kibi nnyo era omusajja agulina tafumbirikika.,25-20,m,
0159.mp3,Sindika ssente ze nkubanja ku ssimu yange.,25-20,m,
0160.mp3,Tusaanye tulembeke amazzi buli nkuba lw'etonnya.,25-20,m,
0161.mp3,Nze nnakoowa okukima amazzi kuba temunsasula buli lwe ngakima.,25-20,m,
0162.mp3,Ebyo ebigambo bye mwawulidde si nze nnabyogera era baabadde bampaayiriza.,25-20,m,
0163.mp3,Mwenna muwandiike amannya gamwe ku lupapula luno.,25-20,m,
0164.mp3,Laddu yakubye endiga zonna ne zifa.,25-20,m,
0165.mp3,Akabenje ak'ekika kino mbadde ndudde okukalaba.,25-20,m,
0166.mp3,Obwedda nkugamba tugende nga gwe toyagala kati laba ebivuddemu.,25-20,m,
0167.mp3,Ani yakugamba okutambula ekiro mu biseera by'ennaku enkulu?,25-20,m,
0168.mp3,Nze sigwangako ddalu kuwasa muwala bwe tweddira muziro gumu.,25-20,m,
0169.mp3,Mu ggwanga tetulinaamu katale ka bisaanyi kati olunda bya ki?,25-20,m,
0170.mp3,Ngezaako okujjukira kye mbadde nkugamba.,25-20,m,
0171.mp3,Twasembayo kulabagana ku lunaku lwe twazannya omupiira.,25-20,m,
0172.mp3,Okuzaala kirungi naye ate okuweerera kizibu ensangi zino.,25-20,m,
0173.mp3,Omutwe mpulira gunnuma nnyo era neetaga eddagala.,25-20,m,
0174.mp3,Erinnyo lino ddene ku malala gonna ge nnina mu kamwa.,25-20,m,
0175.mp3,Okuwaata kye kikolwa ky'okuggya ekikuta ku mmere yonna.,25-20,m,
0176.mp3,Mugende mulabe oba omwana gwe njagala gy'ali.,25-20,m,
0177.mp3,Olowooza nze nnabadde nnina okukuggulira olyoke onnyiigire?,25-20,m,
0178.mp3,"Omusambwa bwe gwaboggola, abakazi bonna ne batandika okukaaba.",25-20,m,
0179.mp3,Nze bwe mundeka sigenda kujja kuba simanyiiyo.,25-20,m,
0180.mp3,Omusipi guno mpulira gunnyweza nnyo.,25-20,m,
0181.mp3,Wawulidde abantu abaabadde batambulira ku nnyumba ekiro?,25-20,m,
0182.mp3,Mu ssaawa nga mukaaga nsuubira nja kuba nga mmalirizza okufumba.,25-20,m,
0183.mp3,Kati kirabika nze ne bwe nkuwa ssente kuba tumaze okutegeeragana ne maama wo.,25-20,m,
0184.mp3,Ekibinja ky'abasirikale ekyasooka tekyalina mpisa wadde n'akatono.,25-20,m,
0185.mp3,Bw'owuliriza omwami oli nga ayogera oyinza okulowooza nti ategeera nnyo.,25-20,m,
0186.mp3,Ebikennembi bimmaliddewo ssukaali wange yenna gwe mbadde nterese.,25-20,m,
0187.mp3,Omusu kisolo kirungi era n'abagweddira batera okuba abalungi.,25-20,m,
0188.mp3,Bwe nnavudde ku kitanda n'engwa sazzeemu kwebaka ekiro kyonna.,25-20,m,
0189.mp3,Abayizi bonna tebaagala kusasula bisale bya ssomero nga bwe baalagirwa.,25-20,m,
0190.mp3,Abaana bonna baagaanye okwoza amasowaani.,25-20,m,
0191.mp3,Buli kintu ekitambula nnali mmanyi nti kirina obulamu.,25-20,m,
0192.mp3,Omukolo gwabwe gwali munyuvu nnyo era n'emmere twaliira ddala.,25-20,m,
0193.mp3,Bw'otuuka mu kifo kino obeera tomanyi bifa bweru.,25-20,m,
0194.mp3,Lwaki entebe za muno zonna nzirugavu?,25-20,m,
0195.mp3,Omusajja oyo mmubanja naye tayagala kunsasula ssente zange.,25-20,m,
0196.mp3,Bwe mmalirizza okuwaayo empapula zange ne mpulira nga obulamu bukomyewo.,25-20,m,
0197.mp3,Ebikolokomba by'amatooke birungi nnyo mu kutindira emmere.,25-20,m,
0198.mp3,Oyinza okulowooza nti olunaku lw'abaagalana lwatongozebwa mu ggwanga.,25-20,m,
0199.mp3,Kati ebissera bino toyinza kuwulira muntu yenna ayimba ku mukwano.,25-20,m,
0200.mp3,Obululu bwe yafuna bwali tebumusobozesa kufuuka mukulembeze wa ggwanga.,25-20,m,
0201.mp3,Nfuniraayo muto wo gwe mba mpasa kuba mulina empisa.,25-20,m,
0202.mp3,Nze ne mukyala wange tetutera kulya kyamisana.,25-20,m,
0203.mp3,Tukolera mu bifo bya njawulo naye ate tuwuliziganya era ne tusisinkana.,25-20,m,
0204.mp3,Obadde olowooza nti neerabidde nti nkubanja ssente zange?,25-20,m,
0205.mp3,Omutamiivu abeera nga eyeebase naye nga ategeera bulungi nnyo.,25-20,m,
0206.mp3,Yalwala obulwadde bw'omutwe era bwe bwamuviirako okufa.,25-20,m,
0207.mp3,Ebbombo ddagala ddungi nnyo eri abavubuka okweggyako akasu.,25-20,m,
0208.mp3,Ekitiibwa kye baamuwa nga yakatuuka ku mukolo kyali kimusaana.,25-20,m,
0209.mp3,Obudde bugenze naye nnina okumaliriza omulimu guno obutasukka leero.,25-20,m,
0210.mp3,Ekifo kino kirungi okuwummuliramu kubanga kyonna kisirifu ekimala.,25-20,m,
0211.mp3,Omubbi baamutema olubale lwa maanyi nnyo era kye kyamuviirako okufa.,25-20,m,
0212.mp3,Ekikolwa ky'okutwalira amateeka mu ngalo kikolwa kibi nnyo era kikyamu nnyo.,25-20,m,
0213.mp3,Omukulu w'ekitongole yavumiridde nnyo ekikolwa ky'okulya enguzi mu bakozi be.,25-20,m,
0214.mp3,Buli muntu ayingira wano alina okusooka okubuuzibwa ebibuuzo.,25-20,m,
0215.mp3,Bw'oba olaba nga tolina musango awo osobola okugenda ewaka.,25-20,m,
0216.mp3,Nze bwe nnawulidde nti akalulu tukawangudde n'entegekerawo akabaga.,25-20,m,
0217.mp3,Mpulira nga neegomba nnyo okukuba mukyala wange ekidaala.,25-20,m,
0218.mp3,Bwe twawulira ekintu ekibwatuka ffe abaali bayimiridde ne tudduka.,25-20,m,
0219.mp3,Ensonga z'okutunda ekibanja kino ziri mu kkooti era tukyalinze omusango guwulirwe.,25-20,m,
0220.mp3,Nkuleetedde essaawa eno ogitwale nga akalabo.,25-20,m,
0221.mp3,Bwe wayogedde eggulo nnabadde siyinza butakuleetera kirabo olwa leero.,25-20,m,
0222.mp3,Abayizi bange bonna tebamanyi Lungereza.,25-20,m,
0223.mp3,Ani amanyi okuvvuunula ekigambo kino mu Lungereza?,25-20,m,
0224.mp3,Ekikolwa ky'okulya ebisiyaga kyawerebwa omukulembeze w'eggwanga.,25-20,m,
0225.mp3,Abalonzi buli kaseera babeera basabiriza ssente okuva mu bakulembeze.,25-20,m,
0226.mp3,Ekitooke kino kinene naye kissa akakota akatakkusa na mwana muto.,25-20,m,
0227.mp3,Ebibbo bye baaleeteramu ebirabo byali birungi nnyo.,25-20,m,
0228.mp3,Omugole yalemwa okubaako ebigambo by'ayogera ku lunaku lw'embaga.,25-20,m,
0229.mp3,Mpulira neesunze okugenda okulaba ku bazadde bange.,25-20,m,
0230.mp3,Ekibaluwa kye baasuula mu kitundu kino kyatuleetera okutya.,25-20,m,
0231.mp3,Olina okuba nga olina empisa okusobola okutuuka ku buwanguzi bwonna,25-20,m,
0232.mp3,Buli muntu asooke atunule mu mulimu gwe nga tannaguwaayo kugololwa.,25-20,m,
0233.mp3,Bannange nze mpulira enjala ennuma nnyo.,25-20,m,
0234.mp3,Ababadde muwoggana mwenna mujje wano mu maaso.,25-20,m,
0235.mp3,Nnakugamba ove ku muwala oyo naye towulira.,25-20,m,
0236.mp3,Omukebe guno guddugala olina okusooka okugwoza gutukule.,25-20,m,
0237.mp3,Omukadde ono tayagala kusiima kintu kyonna ekibeera kimukoleddwa.,25-20,m,
0238.mp3,Eno gye nnafuna omulimu tewabeereka.,25-20,m,
0239.mp3,Buli mukazi asaanye ayagalwe nga bwe kisaana.,25-20,m,
0240.mp3,Olungereza lwammwe musaana mu lwongeremu.,25-20,m,
0241.mp3,Lwaki toyagala kwogera Luganda ate nga oli muganda?,25-20,m,
0242.mp3,Wano wonna waddugala ate mmwe we mutudde.,25-20,m,
0243.mp3,Weetegereze bulungi olabe ani ali mu mmotoka eyo.,25-20,m,
0244.mp3,Taata wa mukyala wange bwe yampita nnawulira nga mpunze.,25-20,m,
0245.mp3,Lwaki obadde onnimba nga bw'otaafuna lupapula lwo?,25-20,m,
0246.mp3,Ebintu bye baaleeta mu kwanjula kwe byali bingi nnyo.,25-20,m,
0247.mp3,Oyinza okulowooza nti omuwala oli tazaalangako.,25-20,m,
0248.mp3,Omusujja ennaku zino mungi nnyo mu baana.,25-20,m,
0249.mp3,Buli kirwadde ekibalukawo kiteeka abantu bonna ku bunkenke.,25-20,m,
0250.mp3,Ekigwo kye baamukuba kye kyamuviirako okufa.,25-20,m,
0251.mp3,Lwaki toyagala kwambala ssaati njeru?,25-20,m,
0252.mp3,Nze nnakoowa abasuubuzi abaagala okuseera abantu.,25-20,m,
0253.mp3,Abasigadde emabega muweereze ssente zammwe mangu.,25-20,m,
0254.mp3,Omboggolera ompita mwana muto?,25-20,m,
0255.mp3,Ekibala kye baalya kye kyatuviirako okubonaabona.,25-20,m,
0256.mp3,Buli abadde yeeyita omusajja addemu okuwoggana mmulageko.,25-20,m,
0257.mp3,Ennaku zino tweyunira nnyo omutimbagano.,25-20,m,
0258.mp3,Lowoozaayo ku bika by'Abaganda binnansangwa.,25-20,m,
0259.mp3,Buli kirowoozo ekikuvamu kibeera kikolokota omukulembeze.,25-20,m,
0260.mp3,Sirowooza nti nze asaanidde okwera wano nga mwe abato weemuli.,25-20,m,
0261.mp3,Ekide kyagenze okuvuga nga nze nnatuuse dda ku ffumbiro.,25-20,m,
0262.mp3,Omufumbi oyo agabula akamere katono nnyo.,25-20,m,
0263.mp3,Ku bantu abali wano oyinza okulowooza Uganda yonna eweddeyo.,25-20,m,
0264.mp3,Ekikata kya lumonde tekisaanye kuba kigulumivu nnyo.,25-20,m,
0265.mp3,Nze bwe nnakula ne nva mu kukola eby'ekito.,25-20,m,
0266.mp3,Omuddusi oyo adduka nnyo ky'ava awangula buli kaseera.,25-20,m,
0267.mp3,Abavunaanyizibwa ku bisolo bagaanye okuwuliriza omulanga gwa ffe.,25-20,m,
0268.mp3,Omuwadde ekikajjo kye nnakugambye okumuwa?,25-20,m,
0269.mp3,Yaleeta ebintu bitono nnyo era ne tumumma omukazi.,25-20,m,
0270.mp3,Omusiraamu eyakubiddwa amasasi teyabadde na musango.,25-20,m,
0271.mp3,Okusabiriza kikolwa nnyo mu baana naddala abato.,25-20,m,
0272.mp3,Okwetawula nga nzija eno mpulira nnakukoowa.,25-20,m,
0273.mp3,Ekibadde kiwoggana kati sikyakiwulira.,25-20,m,
0274.mp3,Obudde buno bubeera bwa kulya kyamisana.,25-20,m,
0275.mp3,Nange mumpeereze ku bintu bye baabawadde.,25-20,m,
0276.mp3,Omusaala gwe yabadde afuna mutono nnyo .,25-20,m,
0277.mp3,Okusinziira ku buyigirize bwange sisobola kukola mulimu ogwo.,25-20,m,
0278.mp3,Ekiwandiiko kino kinene naye kizibu nnyo kya kutegeera.,25-20,m,
0279.mp3,Abawandiika obubi musaana kuzzibwa mu kibiina.,25-20,m,
0280.mp3,Baakugamba okuwuliriza bazadde bo naye tewawulira yadde.,25-20,m,
0281.mp3,Ekisinga okunnuma kwe kukugamba nti sirina ssente n'otawulira.,25-20,m,
0282.mp3,Buli muntu alina okubeera omugumiikiriza mu bulamu bwe.,25-20,m,
0283.mp3,Edda nnali ndowooza nti buli muntu azaala abeera mukulu naye si kituufu.,25-20,m,
0284.mp3,Omukungu bwe yafa abantu bonna baafuna okunyolwa mu mitima gyabwe.,25-20,m,
0285.mp3,Ekire ky'enkuba kikedde kutonnya era ne kireeta empewo mu kibuga.,25-20,m,
0286.mp3,Ebintu ebisinga mu bulamu bibeera bizibu nga tonnabitandika kubikola.,25-20,m,
0287.mp3,Omuntu alina olugambo kizibu nnyo kya kumuteresa byama byo.,25-20,m,
0288.mp3,Abasambi be tubadde twesiga tebasobodde kukola kye tubasuubiramu.,25-20,m,
0289.mp3,Omwana akuziddwa obulungi abeera yeegombebwa buli muntu amulabako.,25-20,m,
0290.mp3,Nze bwe naakula njagala kufuuka musawo wa bisolo.,25-20,m,
0291.mp3,Mu maaso eyo nnina ekirooto ky'okwesimbawo nga omukulu w'abayizi ku ssomero lino.,25-20,m,
0292.mp3,Bwe mutandika okuwoggana nga nze nfuluma.,25-20,m,
0293.mp3,Kizibu nnyo okuwuliriza eddoboozi ly'omuntu nga ali mu kifo ekiwoggana.,25-20,m,
0294.mp3,Nze era nnabadde ndowooza nti baawo gwe bakwatidde mu bubbi.,25-20,m,
0295.mp3,Ekiseera ekisinga nkimala nga mpandiika bitabo naddala eby'abaana.,25-20,m,
0296.mp3,Obuwuuwo bwe baatadde ku mmere eno bubadde butono nnyo.,25-20,m,
0297.mp3,Omusomesa yagenze okutusaba omulimu nga sinnagumaliriza.,25-20,m,
0298.mp3,Ebimu ku bintu ebisinga obukulu mu bulamu kwe kubeera omwetowaze ennyo.,25-20,m,
0299.mp3,Omusajja omwenzi atama naye ate n’omutamiivu tabeereka naye.,25-20,m,
0300.mp3,Obasaabaze abataagala kusasula bakumalako emirembe.,25-20,m,
0301.mp3,Ogamba nnabadde sibawulira we mwakomeddewo?,25-20,m,
0302.mp3,Bino ebintu birimu ssente naye lwakuba nti bikooya nnyo.,25-20,m,
0303.mp3,Nze nnali nsuubira nti osobola okunnyamba naye tonnyambye.,25-20,m,
0304.mp3,Obujulizi obwaleetebwa mu kkooti bwonna omulamuzi yabugaana.,25-20,m,
0305.mp3,Baamusiba okumala emyaka mukaaga lwa kubba nte za taata we.,25-20,m,
0306.mp3,Nze ebintu byonna by'osomesezza mu butuufu sibitegedde.,25-20,m,
0307.mp3,Oyinza okunfunirayo ku bitabo by'okubala nga mukaaga oba musanvu?,25-20,m,
0308.mp3,Ono omwana gwe wabadde ogamba nti talina mpisa?,25-20,m,
0309.mp3,Enkuuka kye kivvulu ekisinga obuganzi mu Uganda ensangi zino.,25-20,m,
0310.mp3,Abayimbi bonna ono ye yabasinze okuyimba omwaka guno.,25-20,m,
0311.mp3,Ekyo kye wakoze nze nga mukulu wo nnabadde sikikusuubira mu.,25-20,m,
0312.mp3,Ekibumba kye kitundu ekisinga omugaso mu mubiri gw'omuntu.,25-20,m,
0313.mp3,Omusaayi gwe mukwafu nnyo era tegutambula bulungi mu mubiri.,25-20,m,
0314.mp3,Ekibadde kimuleetera omusujja omusawo akizudde.,25-20,m,
0315.mp3,Wano we muleese omulwadde wammwe tewaliiwo ddagala.,25-20,m,
0316.mp3,Ekisinga obukulu gwe kumanya nti olina ensobi ne weetonda.,25-20,m,
0317.mp3,Saayagadde kukugamba nti nze nnina ebitabo byo nga ojja kunsumbuwa.,25-20,m,
0318.mp3,Nze ekituufu nkimanyi wadde obwedda nsirise.,25-20,m,
0319.mp3,Nja kulinda omusomesa asooke kubakuba ndyoke njogere ekituufu.,25-20,m,
0320.mp3,Eky'okuddamu mwe kye muwadde si kye kituufu okusinziira ku kibuuzo kino.,25-20,m,
0321.mp3,Ebbula ly'ensimbi lye liviiriddeko abaana abasinga okutandika okwetunda.,25-20,m,
0322.mp3,Oteekeddwa okuwandiika mu mukono ogusomeka oleme kufiirwa bubonero.,25-20,m,
0323.mp3,Ki ekisinga omugaso ku bintu bino byombi?,35-30,f,
0324.mp3,Obuyambi bwe twabadde twetaaga nga tetwabufunye?,35-30,f,
0325.mp3,Yafuna ensimbi nnyingi mu muzannyo gwe ogwasembayo.,35-30,f,
0326.mp3,Kiki ekisinze okukutabula n'omukazi oyo?,35-30,f,
0327.mp3,Abantu abamu balowooza nti omuntu bw'asirika abeera musiru.,35-30,f,
0328.mp3,Essimu gye baamukubira ekiro ye yasinga okuvaako obuzibu bwonna.,35-30,f,
0329.mp3,Enkola y'okuzza abantu abatalina mirimu mu byalo esaana kuzza.,35-30,f,
0330.mp3,Lwaki abantu abatalina mirimu beesibye nnyo mu bibuga?,35-30,f,
0331.mp3,Emirundi egimu tusaana tubeere ba mazima eri obulamu bwaffe?,35-30,f,
0332.mp3,Lwaki toyagala kugenda mu ddwaliro kwekebeza?,35-30,f,
0333.mp3,Wakoma ddi okugaba omusaayi?,35-30,f,
0334.mp3,Okimanyi bulungi nti ffe kkolero ly'omusaayi erisingayo?,35-30,f,
0335.mp3,Olowooza okugaba omusaayi kulimu kirungi ki?,35-30,f,
0336.mp3,Ani yali takumanyi nti gwe asinga eddalu mu kibiina ekyo?,35-30,f,
0337.mp3,Nnyinza kulya bintu ki okuzzaawo omubiri gwange?,35-30,f,
0338.mp3,Omugejjo omungi si mulungi mu bantu naddala abaana abato.,35-30,f,
0339.mp3,Gwe waakalaba abantu bameka abalya ebibala ebyo?,35-30,f,
0340.mp3,Amaaso nago ennaku zino bwafuuka bulwadde?,35-30,f,
0341.mp3,Tulinayo empaka z'okukubaganya ebirowoozo ku Bbalaza eno.,35-30,f,
0342.mp3,Wali weetabyeko mu mpaka zonna?,35-30,f,
0343.mp3,Amateeka gakyogera lwatu nti omuntu okwesimbawo alina okubeera nga aweza emyaka egy'essalira.,35-30,f,
0344.mp3,Ojjukira ensasagge eyali mu lukiiko lw'eggwanga olukulu?,35-30,f,
0345.mp3,Lwaki abantu abasinga tebateeka kitiibwa mu ssemateeka?,35-30,f,
0346.mp3,Ensonga zange ze nnabawa abasinga baazisuula muguluka.,35-30,f,
0347.mp3,Omuwala oyo yandifubye n'asoma kuba bamuwa buli kimu.,35-30,f,
0348.mp3,Maama w'omwana oyo yakkirira ezzirakumwa nga omwana akyali muto.,35-30,f,
0349.mp3,Musaanye mulabirire amabujje gonna ge tulina mu ggwanga.,35-30,f,
0350.mp3,Ennaku zino abazadde bavudde ku ndiisa y'abaana ennungi.,35-30,f,
0351.mp3,Kaakati osanga omwana omuto nga alinga omuntu omukulu.,35-30,f,
0352.mp3,Ani avunaanyizibwa ku mbeera eno eri mu ggwanga?,35-30,f,
0353.mp3,Weetegereze olabe oba bino byonna ebiriwo birina gye bitutwaala.,35-30,f,
0354.mp3,Lwaki ekittabantu ennaku zino kizzeemu?,35-30,f,
0355.mp3,Obukundi bw'ababbi bubeera bungi mu biseera nga tugenda okulonda.,35-30,f,
0356.mp3,Mwesige ebyo bye mumanyi nga mwe kuba ebisinga bye muwulira si bituufu.,35-30,f,
0357.mp3,Abantu abasinga mu kifo ky'okwebuuza ku muntu nga bw'akola asalawo kumuwalana.,35-30,f,
0358.mp3,Awo ate ekiddako kiba ki mu butuufu?,35-30,f,
0359.mp3,Ennaku zino ebizibu bye nnina bingi nnyo.,35-30,f,
0360.mp3,Lwaki obeera olwowooza nti mbeera nninze gwe buli kaseera?,35-30,f,
0361.mp3,Sinnalya olwa leero wadde ku kantu naye enjala tennuma.,35-30,f,
0362.mp3,Atamanyi ngeri gye tuwandiikamu Luganda asaana annoonye.,35-30,f,
0363.mp3,Ekibanja ekyo kye kyaviirako omukazi oli okufa.,35-30,f,
0364.mp3,Akakiiko ke baateekawo okugonjoola enkaayana ezo kadda wa?,35-30,f,
0365.mp3,Ani yali ateeberezebwa okubeera n'ekyapa ekyo?,35-30,f,
0366.mp3,Empisa y'obusika esaanye etereezebwa mu Buganda.,35-30,f,
0367.mp3,Obusika kitegeeza okuteekawo omuntu n'adda mu bigere by'omugenzi.,35-30,f,
0368.mp3,Omuntu abeera alondeddwa tubeera tumusuubira okukola byonna omuntu eyafa bye yali akola.,35-30,f,
0369.mp3,Ate kati olwo gwe ogenda kukola otya?,35-30,f,
0370.mp3,Abantu baafuna ekyekango omwami bwe yalaamira omwana omuwala.,35-30,f,
0371.mp3,Lwaki omwana omuwala takkirizibwa kusikira kitaawe?,35-30,f,
0372.mp3,Enkola y'okuvvoola obuwangwa wano mu buganda esaana kuwera.,35-30,f,
0373.mp3,Abanoonyereza abaasooka baakola omulimu munene naye nabo baalina obunafu.,35-30,f,
0374.mp3,Kati gwe nga omuntu atendekebwa otuwa magezi ki?,35-30,f,
0375.mp3,Ddi lwe musuubira okufulumya ekiwandiiko ekyo.,35-30,f,
0376.mp3,Omwaka guno nsuubira okuzimbayo akayumba nga tegunnaggwako.,35-30,f,
0377.mp3,Ekire ky'enkuba ekyakedde okutonnya kyasannyalazza emirimu.,35-30,f,
0378.mp3,Obudde nga buzibye mangu olwa leero?,35-30,f,
0379.mp3,Abalimi bonna kati basanyufu kuba enkuba etonnye.,35-30,f,
0380.mp3,Waliwo ebitundu nga tebifunanga ku nkuba omwezi guno.,35-30,f,
0381.mp3,Awo kati ani ateekeddwa okukola ebintu ebyo wano.,35-30,f,
0382.mp3,Ffe jjukira nti ezo ensoga tetuziyingiramu.,35-30,f,
0383.mp3,Olulimi lwe mwamugambye okwogera yabadde tasobola kulwogera.,35-30,f,
0384.mp3,Tusaanye twekolemu omulimu tuwandiike ebitabo.,35-30,f,
0385.mp3,Twafuna okusoomoozebwa kungi ku lunaku lw'okukuza ennimi ennansi.,35-30,f,
0386.mp3,Abayivu baali bangi ku lunaku olwo.,35-30,f,
0387.mp3,Enkola y'okutwawulamu abayizi n'abasomsesa nnagisiima.,35-30,f,
0388.mp3,Okimanyi nti awo ofuna amaanyi naawe okusoma?,35-30,f,
0389.mp3,Ekiseera ekyo yali amaze okwogera we yafulumira wabweru.,35-30,f,
0390.mp3,Nnakizuula nti abasajja baagala nnyo ennimi zaabwe.,35-30,f,
0391.mp3,Okimanyi nti omugenyi omukulu yava bweru ku lunaku olwo?,35-30,f,
0392.mp3,Ekyasinga okunneewunyisa nti yeeteekamu ssente ze lwa lulimi.,35-30,f,
0393.mp3,Gwe kati ekyo kyakuyigiriza ki?,35-30,f,
0394.mp3,Obadde okimanyi nti olulimi lye ggwanga?,35-30,f,
0395.mp3,Kabonero ki akalaga eggwanga erikula oba eryakula edda?,35-30,f,
0396.mp3,Buli musomesa eyajja okusomesa nga aleeta kipya.,35-30,f,
0397.mp3,Nze nnanyumirwa nnyo ku lunaku olwo.,35-30,f,
0398.mp3,Ebyokulya byali tebimala bulungi ku lunaku olwo.,35-30,f,
0399.mp3,Omusomesa yeetondera abantu bonna abaali bafisse emmere ku mukolo.,35-30,f,
0400.mp3,Twafuna okusumbuyibwa kubanga omwami eyakola ku mmere yali takwata ssimu.,35-30,f,
0401.mp3,Okimanyi nti nnamukubira emirundi egyasukka mu makumi ataano?,35-30,f,
0402.mp3,Lwaki ekyemisana mwakirya obudde nga buyise?,35-30,f,
0403.mp3,Nze nnalowooza nti kaali kakodyo okutusiibya enjala.,35-30,f,
0404.mp3,Nze n'omuko wange ffe twali twaniriza abagenyi ku lunaku olwo.,35-30,f,
0405.mp3,Olunaku olwo lwansumbuwa kubanga nnali mulwadde.,35-30,f,
0406.mp3,Twafuna okusoomoozebwa abantu abamu bwe bataafuna mmere..,35-30,f,
0407.mp3,Ababoola emmere ku lunaku olwo beekanga yonna bagiridde.,35-30,f,
0408.mp3,Nze gwe mulundi gwange ogwasooka okugabula emmere ku mukolo.,35-30,f,
0409.mp3,Twasala amagezi kubanga ffe abagabuzi twasooka kuggyako yaffe.,35-30,f,
0410.mp3,Tetuba kusala magezi ago twali tujja kufikka naffe.,35-30,f,
0411.mp3,Jjukira ku lunaku olwo twakeera nnyo nga twetawula nnyo.,35-30,f,
0412.mp3,Nze ate nnatambula nnyo kubanga ebintu byonna baali babituma nze.,35-30,f,
0413.mp3,Nze ku lunaku olwo nnakizuula nti okwerabira kya buntu.,35-30,f,
0414.mp3,Ani yali amanyi nti nange ndifuna omukazi omulungi nga ono.,35-30,f,
0415.mp3,Abasajja baatuuka kikeerezi nga omusomesa yenna ajjudde obusungu.,35-30,f,
0416.mp3,Okimanyi nti abasomesa ku masimu gaabwe kubeerako mitwalo gya ssente?,35-30,f,
0417.mp3,Omuntu ono gwe tubanja asaanye atusasule ssente zaffe.,35-30,f,
0418.mp3,Mukazi wange yeerabira abantu abamu n'abayitamu erinnya lyange.,35-30,f,
0419.mp3,Omukazi eyatwazika emmeeza ku lunaku olwo tetwamuwa ku mmere.,35-30,f,
0420.mp3,Ebyokunywa byali bingi era ne tubyeyongeza.,35-30,f,
0421.mp3,Ku njala ennuma kati oyinza okulowooza nti sirekanga mmere ku ssowaani.,35-30,f,
0422.mp3,Ffenna tusaanye tukimanye nti okulya tekusaanye kutwemazaamu.,35-30,f,
0423.mp3,Mpulira nga neesunze ennyumba empya gye tugenda okuzimba.,35-30,f,
0424.mp3,Njagala buli ssente zange ze nkwatako zonna nzikuterese.,35-30,f,
0425.mp3,Okimanyi nti mu kusooka nnali mmanyi nti olimba?,35-30,f,
0426.mp3,Ndeeteraayo ku ssuukaali nga ova mu kibuga.,35-30,f,
0427.mp3,Omusajja oyo talina mpisa ate nga muntu mukulu.,35-30,f,
0428.mp3,Mukazi wange ennaku zino sikyamutegeera bulungi.,35-30,f,
0429.mp3,Oba olina ekitali kituufu ku bulamu bwo.,35-30,f,
0430.mp3,Ki ekikuleetedde okugejja ate nga obadde tolya?,35-30,f,
0431.mp3,Twandifunyeeyo abantu nga bataano batubuulire we baatuuse mu kunoonyereza.,35-30,f,
0432.mp3,Omusango gwe yawaaba mu kkooti na kati tegunnasalwa.,35-30,f,
0433.mp3,Okwewolereza kwe kwali tekuliimu ggumba wadde.,35-30,f,
0434.mp3,Nnasanga abaana bataano nga bali ku munnaabwe bamukuba.,35-30,f,
0435.mp3,Ekitundu ekisinga obukulu ku mubiri gw'omuntu okimanyi?,35-30,f,
0436.mp3,Yakola ekikolwa kibi okwoleka ebyama bya mukyalawe.,35-30,f,
0437.mp3,Omuntu atali mwesimbu tabeereka naye.,35-30,f,
0438.mp3,Mu nsi eno twetaaga nnyo okukolagana n'abantu naddala abo abatuliraanye.,35-30,f,
0439.mp3,Nze mbadde nsuubira nti ofuneyo ku kirowoozo ekirala.,35-30,f,
0440.mp3,Nja kubaawo singa munaaba munneetaaze okubayamba.,35-30,f,
0441.mp3,Ekibala kino kiwooma nnyo era nze ndowooza nti tukigule.,35-30,f,
0442.mp3,Nze ku lwange ndowooza nti tuli wano kuyiga.,35-30,f,
0443.mp3,Bw'otunulamu omuwala oyo alina ky'akwongerako.,35-30,f,
0444.mp3,Nze nsaba nnyo tweyambise olulimi oluganda.,35-30,f,
0445.mp3,Sirowooza nti kye ntegedde naawe ky'otegedde.,35-30,f,
0446.mp3,Ebikozesebwa mu mulimu guno bitono nnyo.,35-30,f,
0447.mp3,Lwaki tokolerera embeera ennungi gy'oyagala?,35-30,f,
0448.mp3,Omukyala oyo ayogedde bulungi nnyo.,35-30,f,
0449.mp3,Okwawukanako ku balala ye teyalina kyekubiira mu nsala ye.,35-30,f,
0450.mp3,Abalala mulowooza mutya ku bintu ebyo bye twakamala okwogerako.,35-30,f,
0451.mp3,Sooka obeeko ky'okola nga tonnaba kugenda kuzannya.,35-30,f,
0452.mp3,Omupiira gwa leero gunnyumidde nnyo.,35-30,f,
0453.mp3,Ebintu by'akoledde eggwanga lino bitono nnyo.,35-30,f,
0454.mp3,Nze mbadde nsuubira nti mu mukwano eky'emyaka si kikulu.,35-30,f,
0455.mp3,Abawandiisi abaasooka baali tebakoze kunoonyereza kumala.,35-30,f,
0456.mp3,Lindako okugenda kirabika anaatera okukomawo.,35-30,f,
0457.mp3,Wano walungi okubeera naye waliwo ebiwoggana.,35-30,f,
0458.mp3,Omukazi atayagala kufumba obeera owasa waaki?,35-30,f,
0459.mp3,Embwa eziboggola ebiseera ebisinga ziba teziruma.,35-30,f,
0460.mp3,Omuwendo gw'essaawa eno sisuubira nti ogumanyi.,35-30,f,
0461.mp3,Bwe yafuluma ekibiina naffe ne tufuluma.,35-30,f,
0462.mp3,Mulekere awo okukulembeza ssente okusinga obuweereza.,35-30,f,
0463.mp3,Abantu baagenze okumulonda nga bamwesiga.,35-30,f,
0464.mp3,Ku babiri abo ani asinga okukola mu kibiina?,35-30,f,
0465.mp3,Abakola ebikolwa ebyesittaza mu bantu basaana kusibwa.,35-30,f,
0466.mp3,Gwe towulira nsonyi okweyambulira mu bantu?,35-30,f,
0467.mp3,Ekirwadde kisse abantu abawera mu mawanga g'ebweru.,35-30,f,
0468.mp3,Buli muntu alina okubeera n'ebirooto ebizimba.,35-30,f,
0469.mp3,Munnange oyo ava okwogera ayogeredde ddala bulungi.,35-30,f,
0470.mp3,Amasannyalaze bwe gavaako wano wonna wajjula enzikiza.,35-30,f,
0471.mp3,Ebyo by'oyogedde byonna bituufu.,35-30,f,
0472.mp3,Nsaba tutunule mu nsonga z'omwami ono era tumuddemu.,35-30,f,
0473.mp3,Mu kulaba kwo ki ekituufu ekirina okukolebwa?,35-30,f,
0474.mp3,Mufeeyo nnyo okulaba nga mufuna ekiwandiiko kino.,35-30,f,
0475.mp3,Nze bwe ndaba omwana akaaba mmanya nti enjala emuluma.,35-30,f,
0476.mp3,Ekipapula kino kirungi nnyo.,35-30,f,
0477.mp3,Muteekwa okweyambisa obulungi obuyambi obubaweereddwa.,35-30,f,
0478.mp3,Kye tuliko olunaku lwa leero kikulu nnyo.,35-30,f,
0479.mp3,Emitendera gye yayitamu okufuuka omukulembeze gyali gitegeerekeka.,35-30,f,
0480.mp3,Wasinzidde ku ki okulonda omusajja oyo nga omukiisewo?,35-30,f,
0481.mp3,Omusajja ono mulungi mu ngeri gy'akolamu emirimu gye.,35-30,f,
0482.mp3,Mu butuufu tusaanye tubeeko ebintu bye tuddiza abasomesa baffe.,35-30,f,
0483.mp3,Mpulira ekiwuubaalo kya maanyi nnyo okuva lwe wagenda.,35-30,f,
0484.mp3,Wagenze okutuuka nga nze nnatuuse dda.,35-30,f,
0485.mp3,Embeera eriwo mu ggwanga kati buli omu tagitegeera.,35-30,f,
0486.mp3,Oteekwa okuba nga wasomako okulondebwa mu kifo kyonna.,35-30,f,
0487.mp3,Sigaanye kukuyamba naye nnina eby'okukolako bingi nnyo ennaku zino.,35-30,f,
0488.mp3,Olinawo ekibanja ky'oyinza okunguza nkuwe ssente?,35-30,f,
0489.mp3,Amafuta agali mu mmotoka eno tegatutuusa Masaka.,35-30,f,
0490.mp3,Ekibanda ky'amanda bwe kikwata omuliro kyonna kisaanawo.,35-30,f,
0491.mp3,Lwe nnakulaba tewalina ssente.,35-30,f,
0492.mp3,Njagala nnyo okumanya ebintu ebikukwatako.,35-30,f,
0493.mp3,Abakyala abayonsa tebasaanye kuba nga bakola nnyo.,35-30,f,
0494.mp3,Ssente kye kimu ku bintu ebyonoonye obuwangwa bwaffe.,35-30,f,
0495.mp3,Ku bantu abali wano ani alina ekizimbe?,35-30,f,
0496.mp3,Obadde olowooza ssente z'okuzimba ani agenda okuzikuwa?,35-30,f,
0497.mp3,Obulumi abakazi bwe bayitamu nga bazaala bungi nnyo.,35-30,f,
0498.mp3,Baaleese omusomesa omulala naye tamanyi kyakukola.,35-30,f,
0499.mp3,Olinawo ky'oteesa oba ky'owabula ku bintu ebiteeseddwa.,35-30,f,
0500.mp3,Oteekeddwa okwetegekera obukadde bwo nga okyali muto.,35-30,f,
0501.mp3,Naye ssente ezo lwaki tebaziwa abantu ne bazigabana?,35-30,f,
0502.mp3,Obadde okimanyi nti gwe alondeddwa nga omusika w'omugenzi?,35-30,f,
0503.mp3,Embaga y'obuwangwa kye ki?,35-30,f,
0504.mp3,Nze ndowooza obwavu y'emu ku nsonga ezivuddeko obuwangwa okusaanawo.,35-30,f,
0505.mp3,Leeta wano ebintu ebyo kuba nze nnabikutumye.,35-30,f,
0506.mp3,Maama wange mulwadde ennaku zino.,35-30,f,
0507.mp3,Omukyala gwe nnina ennaku zino simanyi mbeera gy'ayitamu.,35-30,f,
0508.mp3,Mpulira nga njagala nnyo okwegatta ku ssomero eryo.,35-30,f,
0509.mp3,Ani yakugamba nti wano tukkiriza ebintu ebyo?,35-30,f,
0510.mp3,Leeta omwana wange kuba njagala akule ne banne.,35-30,f,
0511.mp3,Olowooza abasajja okuzaala ebweru kirina obuzibu?,35-30,f,
0512.mp3,Ekibaddewo mu bbanga eritali lya wala kiyinza okuddamu.,35-30,f,
0513.mp3,Obulamu bwe nnamugamba kati yabutuukamu.,35-30,f,
0514.mp3,Wano we tuli ndowooza buli muntu amanyiiwo bulungi.,35-30,f,
0515.mp3,Mpulira njagala ennyama naye amateeka teganzikiriza.,35-30,f,
0516.mp3,Omubaka bukyanga alondebwa tateesangayo wadde ekiteeso ekimu.,35-30,f,
0517.mp3,Lwaki abakazi abasinga balina embuto ebiseera bino?,35-30,f,
0518.mp3,Olina okuba nga olina ebikwogerako okusobola okutambula ekiro.,35-30,f,
0519.mp3,Okuwasa kijja kumbeerera kizibu nnyo kuba nkyayagala okusoma.,35-30,f,
0520.mp3,Obudde bwe buti bw'obeera ewaka obeera okola ki?,35-30,f,
0521.mp3,Awantu wano singa obeera nga ogulawo wandiguzeewo ssente mmeka?,35-30,f,
0522.mp3,Obulamu bwange ssaagala muntu ambuuza bibuuzo bingi.,35-30,f,
0523.mp3,Omukyala oli yasooka kuggyamu ssente ze nga tannatwazika mmeeza.,30-25,f,
0524.mp3,Yali mukalubo era omusomesa yasooka kumwegayirira okutuwa emmeeza.,30-25,f,
0525.mp3,Essaawa zaagenda okuwera kkumi n'ekitundu nga tumaze okugabula.,30-25,f,
0526.mp3,Abamu ku baalya baalowooza nti twali tufisse emmere.,30-25,f,
0527.mp3,Omukulu eyatuwa amagezi nti musooke muggyeko emmere yammwe nnamusiima.,30-25,f,
0528.mp3,Ekifo twagenda okukituukako nga kyonna kiyonjo.,30-25,f,
0529.mp3,Lwaki abakozi abamu beefuula abakambwe ennyo ku mirimu?,30-25,f,
0530.mp3,Omusajja omuyivu yajja nga amaze gambala by'asanze.,30-25,f,
0531.mp3,Mukwano gwange bw'alabye erinnya lyange ku lupapula n'ankubira essimu.,30-25,f,
0532.mp3,Ebintu ebisinga tubibuusa amaaso naye nga bikulu.,30-25,f,
0533.mp3,Okimanyi nti ebigezo by'abayizi byakomyewo?,30-25,f,
0534.mp3,Ku luno abayizi abawala baasinze abalenzi.,30-25,f,
0535.mp3,Lwaki abaana abalenzi ennaku zino bakola bubi mu bigezo?,30-25,f,
0536.mp3,Neewuunyizza okuwulira nti muzibe yakoze bulungi.,30-25,f,
0537.mp3,Embeera eri mu ggwanga ogyogerako ki?,30-25,f,
0538.mp3,Lwaki abantu ennaku zino bakubwa nnyo amasasi?,30-25,f,
0539.mp3,Omubaka yawanze omuliro mu kuziika omuwagizi we.,30-25,f,
0540.mp3,Omusajja yeeyamye okuweerera baana b'omugenzi.,30-25,f,
0541.mp3,Ekifo ekisinga obukulu mu kibuga okimanyi?,30-25,f,
0542.mp3,Omukulu w'essomero yabadde musanyufu nga ebibuuzo bikomyewo.,30-25,f,
0543.mp3,Atalina maanyi okimanyi nti tagwa ddalu?,35-30,m,
0544.mp3,Obudde buno sisuubira muntu kubeera nga yeebase.,,,
0545.mp3,Omusomesa oyo alina olugezigezi lungi nnyo.,,,
0546.mp3,Naye kye ndowooza nti tewagitadde omwo.,,,
0547.mp3,Ate bw'entyo bwe nnabuza akasumuluzo kange.,,,
0548.mp3,Nga leero tonzuukusizza?,,,
0549.mp3,Okimanyi nti obudde bumpiseeko?,,,
0550.mp3,Bassebo mwebale nnyo okutuyamba.,,,
0551.mp3,Mwebale okuwuliriza omulanga gwa gavumenti.,,,
0552.mp3,Bbugumu nga lingi nnyo ensangi zino.,,,
0553.mp3,Omwana abadde akaaba omuwulidde?,,,
0554.mp3,Eno ente evaamu amata mangi nnyo.,,,
0555.mp3,Obudde nga bukyali nze okufumbirwa.,,,
0556.mp3,Obukadde obusukka mu makumi ataano bubbiddwa.,,,
0557.mp3,Omusajja gwe waleese tamanyi kulima.,,,
0558.mp3,Omuti gwe baabadde batema gwagudde ne gukuba enju.,,,
0559.mp3,Oteekeddwa okunnyambako mu buli mulimu gwe mbeera nkola.,,,
0560.mp3,Tulina okubeera nga tukolagana bulungi nnyo.,,,
0561.mp3,Naagenda okutuuka ewaka nga obudde buyise.,,,
0562.mp3,Okimanyi bulungi nti gwe mulungi asingayo ku nsi kuno?,,,
0563.mp3,Abasinga obungi baali bamaze okwewandiisa.,,,
0564.mp3,Buli yeesimbyewo ayimirireko tumulabe.,,,
0565.mp3,Omugenyi omukulu atuyambe awuubire ku bantu abali wano.,,,
0566.mp3,Oba baamuleese nga omukulembeze mu kifo kino?,,,
0567.mp3,Omusaala gwange mutono wadde nga nkola nnyo.,,,
0568.mp3,Lwaki omusajja oyo talina mukisa wadde?,,,
0569.mp3,Ebiviirako abantu okufa ennaku zino bingi nnyo.,,,
0570.mp3,Ababadde balowooza nti omusaala gutuuse mulindeeko.,,,
0571.mp3,Buli kintu nze mmaze okukikolako.,,,
0572.mp3,Omukama mulungi obudde bwonna.,,,
0573.mp3,Buli musomesa asaanye awandiike mu ngeri ennungi.,,,
0574.mp3,Obulwadde obubadde bumuluma bubadde buganda.,,,
0575.mp3,Kiki ekisinga okukunyiiza ku nsi kuno?,,,
0576.mp3,Olunaku lwo olwasooka ku ssomero lino lwali lutya eyo?,,,
0577.mp3,Nze nnali sinnaba kukola kintu kyonna kussomero lino.,,,
0578.mp3,Muwogo kimera kirungi era neegomba okukirima.,,,
0579.mp3,Weegomba omuntu alya akawunga bulijjo?,,,
0580.mp3,Abakulu abaasooka ku ssomero lino baatandikawo omusingi omulungi.,,,
0581.mp3,Oteekeddwa okusasula buli muntu akoze.,,,
0582.mp3,Bwe nnalaba nga ayogera ebitakwatagana nze ne ntambula.,,,
0583.mp3,Vvaawo gwe ebintu by'oyogera si bituufu.,,,
0584.mp3,Ekintu ky'oyogera si kituufu era tewali ayinza kukkiriza.,,,
0585.mp3,Ono bwe yagambye nti tugende ne tusimbula.,,,
0586.mp3,Wano otera kutuukawo ssaawa mmeka?,,,
0587.mp3,Ekintu kye wali oyogerako okimanyi nti tekyali kituufu?,,,
0588.mp3,Osiibye otya eyo ssebo?,,,
0589.mp3,Waliwo ekintu ekinnumya omutwe ennaku zino.,,,
0590.mp3,Osobola okunfunirayo ku buyambi?,,,
0591.mp3,Ebyokulya bye mutuwa ennaku zino nga tebitumala bulungi?,,,
0592.mp3,Kati ani atwala ebyo byonna ebintu?,,,
0593.mp3,Olunaku lwe wava wano twali tumanyi gwe atutte ekitabo.,,,
0594.mp3,Eyakola ku nsonga ezo ajja kutuwa okusalawo okwenkomeredde.,,,
0595.mp3,Mu veeyo abaana bano bayitewo.,,,
0596.mp3,Lwaki muyimiridde wano mu kkubo?,,,
0597.mp3,Temusobola kufunayo kifo kirala we muteeka bintu ebyo?,,,
0598.mp3,Ani yateekateeka omukolo gw'embaga ogwo?,,,
0599.mp3,Sitera kwesiga bantu naye gwe nkwesiga ekigenze e wala,,,
0600.mp3,Bayizi banne basaanye bamulabireko ku ngeri gy'akolamu ebintu bye.,,,
0601.mp3,Kati obadde olowooza nti ani agenda okukuyambako?,,,
0602.mp3,Gwe mu ndowooza yo olulimi Oluganda kye ki?,,,
0603.mp3,Wagenzeeko mu ddwaliro okulaba obulwadde obukuluma?,,,
0604.mp3,Buli musomesa asaaanye ateeketeeke by'alina okusomesa mu budde.,,,
0605.mp3,Ennaku zino obudde ssaawa ewera emu nga omusana gukyayaka.,,,
0606.mp3,Gwe nga gwe olowooza nti ki ekiviiriddeko kino?,,,
0607.mp3,Nnali ndowooza nti buli gwe basiba aba n'omusango.,,,
0608.mp3,Neeyongedde okuzuula nti abantu abasinga mu nsi muno bazibu.,,,
0609.mp3,Ekisooka kya byonna omusajja oyo talina mpisa.,,,
0610.mp3,Lwaki olowooza nti omukazi y'alina omusango?,,,
0611.mp3,Osaanye osooke owulirize endowooza z'abantu abo bombi.,,,
0612.mp3,Obukulembeze si linnya wabula buvunaanyizibwa.,,,
0613.mp3,Tubalabula nti tukoze ekisembayo naye mulindirire ekinaddako.,,,
0614.mp3,Tusanyuse okukulaba ssebo ku mukolo guno.,,,
0615.mp3,Bannyabo ne ba ssebo mbasaba mumpulirizeeko katono.,,,
0616.mp3,Mu kifo ky'okwemulugunya okoze ekintu ekituufu.,,,
0617.mp3,Awo kati ogoberedde amagezi gange ge mbadde nkuwa.,,,
0618.mp3,Lwaki olugave lulina ensonyi nnyingi?,,,
0619.mp3,Omukyala gwe nnasooka okwagala yali yantamya abakazi bonna.,,,
0620.mp3,Weebale nnyo okubeera omuntu omwesimbu ennyo.,,,
0621.mp3,Okimanyi nti nze alina eddaame lye mubadde munoonya?,,,
0622.mp3,Awo kati obuuza kibuuzo oba oyogera bw'ogezi?,,,
0623.mp3,Oteekeddwa okukozesa omukisa gw'olina nga okyalina obudde.,,,
0624.mp3,Ensonga ezisinga tubadde tuzoogeddeko era kati tusobola okugenda.,,,
0625.mp3,Waliwo omuntu alinawo ekibuuzo kyonna?,,,
0626.mp3,Ani aganyulwa mu kwebuuza ku bantu kuno?,,,
0627.mp3,Kati awo amagezi ge mbawa mugende bugenzi.,,,
0628.mp3,Omupiira gwe baamukubye gwabadde gwa lusaazisaazi.,,,
0629.mp3,Musaanidde mulekere awo okunyooma kuba si kirungi.,,,
0630.mp3,Otera kwebaka ssaawa mmeka nga oli e waka?,,,
0631.mp3,Baako kye weekolerawo nga obudde bukyali.,,,
0632.mp3,Osaanye weetereeze nga obudde bukyali.,,,
0633.mp3,Oyo omukyala tatulinaako buzibu bwonna kuba ffe twogera mazima.,,,
0634.mp3,Omukyala oyo olabika nga omwagala nnyo.,,,
0635.mp3,Naye olina obusobozi okukola omulimu ogwo?,,,
0636.mp3,Abantu abasinga bafumbiddwa naye ye tannafuna musajja.,,,
0637.mp3,Ebiseera ebisinga nkeera enjala ennuma nnyo.,,,